"idx","text"
"43142","Why did Nervous Nancy allow corrupt politician Shifty Schiff to lie before Congress? He must be a Witness, and so should she!"
"55375","if you say Dragonball (Z , Kai etc) your opinion is invalid on anime takesğŸ˜Š"
"2522","With @realDonaldTrump I took all of the bluster for self confidence, I missed it. Didnâ€™t realize he was over compensating for very low self-esteem. Also I equivocated on his rank amorality. Did you do that? If not good for you. If so, please come around so we can fix this. ğŸ‡ºğŸ‡¸"
"44950","Cryinâ€™ Chuck Schumer just said, â€œThe American people want a fair trial in the Senate.â€ True, but why didnâ€™t Nervous Nancy and Corrupt politician Adam â€œShiftyâ€ Schiff give us a fair trial in the House. It was the most lopsided & unfair basement hearing in the history of Congress!"
"59256","you broke as hell if you order bottomless mimosas. you cant afford individual drinks? tacky."
"8822","Virginia has the best Unemployment and Economic numbers in the history of the State. If the Democrats get in, those numbers will go rapidly in the other direction. On Tuesday, Vote Republican!"
"3300","Never Trumper Republican John Bellinger, represents Never Trumper Diplomat Bill Taylor (who I donâ€™t know), in testimony before Congress! Do Nothing Democrats allow Republicans Zero Representation, Zero due process, and Zero Transparency...."
"51987","Senate hearing on the Impeachment Hoax starts today at 1:00 P.M."
"9021","The Whistleblower gave false information & dealt with corrupt politician Schiff. He must be brought forward to testify. Written answers not acceptable! Where is the 2nd Whistleblower? He disappeared after I released the transcript. Does he even exist? Where is the informant? Con!"
"62394","ill say it once iâ€™ll say it 1,000 times if racists die i celebrate. trump dies? party. kaitlin bennett shits herself to death? celebrate. richard spencer gets punched to a pulp? dance on his grave. these people are cancer on society. no i will not debate this either"
"23920","Just landed in the United Kingdom, heading to London for NATO meetings tomorrow. Prior to landing I read the Republicans Report on the Impeachment Hoax. Great job! Radical Left has NO CASE. Read the Transcripts. Shouldnâ€™t even be allowed. Can we go to Supreme Court to stop?"
"33795","SCRAPE WINS FC"
"25735","The DA has a disorder called Hemophilia in which a person's blood is not able to clot normally! It is hemorrhaging blood from self inflicted injuries! I donâ€™t see how it can be saved!"
"6492","Why are House Dems afraid of due process?  What are they hiding in their sham impeachment process?"
"47573","In USA to speak properly is to sound white....to act responsible in life is to act white..and to go to a white school is embarrassing ğŸ˜†ğŸ˜†"
"13538","i swear charles melton is avoiding me i canâ€™t find that dude NOWHERE!! imma get my pic idc"
"47368","Iâ€™m obligated to â€œdonâ€™t stop believingâ€ or whatever after last week but I mean, Iâ€™ve seen this a lot in my years. Everyone loves the Titans and weâ€™re committing all the horrible penalties and yeah. Itâ€™s just yeah."
"234","â€œDonald J. Trump is an absolutely historic President already, in less than 3 years in office. His record is there for everyone to look at & to examine and compare. This is an illegitimate effort to overthrow a President, not a formal Impeachment inquiry.â€ @LouDobbs  Thank you Lou"
"32809","All Giannas do is Dunk lol this nigga might hit 2 3s in a game but thats why yall on his dick so much.. he 7 ft with long ass arms thats can dunk from standing at the top of the Restriction circle ğŸ˜‚"
"26405","If I had to bet my pinkie toe on whether BTC will reach 14K or 3K first, I would say 3K. Simply because BTC is in a clear bear market downtrend, and no confirmed reversal has formed yet. We may be reversing now, but it's too early to confirm. The trend is my pinkie toe's friend."
"12837","I'm not thankful for the women in the military. Their place isn't to protect our country. God gave men this difficult task. It's sad to see mothers leave their children for extended periods of time to do something that they haven't been called to do. Men are the protectors."
"50581","Our case against lyinâ€™, cheatinâ€™, liddleâ€™ Adam â€œShiftyâ€ Schiff, Cryinâ€™ Chuck Schumer, Nervous Nancy Pelosi, their leader, dumb as a rock AOC, & the entire Radical Left, Do Nothing Democrat Party, starts today at 10:00 A.M. on @FoxNews, @OANN or Fake News @CNN or Fake News MSDNC!"
"58391","They are really mad at Senator Joe Munchkin in West Virginia. He couldnâ€™t understand the Transcripts. Romney could, but didnâ€™t want to!"
"15924","Two questions to fans of Labour broadband policy :
1. Why is fibre better/quicker than 5G?
2. Why should I get free broadband when I'm happily paying for it right now?"
"65203","Conor McGregor looked better against Mayweather than Wilder did against Fury tonight. Donâ€™t at me. #WilderFury2"
"32583","I know Kanthan Pillay on a personal level. He was kicked out of Uni in the 80s for taking part in the boycott protests against the apartheid govt. His nephew married a Zulu lady and he conducted the lobola negotiations. This is the same man who black Twitter are calling a racist."
"19778","We have now liberated the Twitter account, previously suppressed unfairly in the aftermath of my resignation as National Security Advisor.  More to come....."
"27608","I was sent a dm by a new follower that said they were unfollowing bcuz I'm not very ladylike.
My response:
I'm not a fake person, I'm real. I cuss, and I have a very inappropriate sense of humor. Nothing offends me and I have no filter. If that gets your panties...."
"66520","#Bitcoin is neither money nor a currency.  It's a digital asset. The question  @APompliano and I are debating is whether it's a safe haven asset that stores value over time, or a risk asset with a market price than can rise or fall substantially over time. The answer is obvious."
"35424","MERRY CHRISTMAS!"
"45345","The lamest shit you can do is get glasses that turn into shades when you go outside"
"64542","Iâ€™ve had a very difficult day emotionally, but to see a huge room of people swaying along to my howling and taking time after to say lovely things has lifted my spirits hugely.

Thank you from the bottom of my heart.

Oh fuck. I now sound woke."
"3932","Tulsi Gabbard deserves much more respect and thanks than this. She literally just got back from serving our country abroad."
"3565","good god nobody parties harder than people with kids at home,"
"23658","Breaking News: The President of Ukraine has just again announced that President Trump has done nothing wrong with respect to Ukraine and our interactions or calls. If the Radical Left Democrats were sane, which they are not, it would be case over!"
"66140","Like all of Banco staff went on lunch the same time man .. wtf"
"3104","Whereâ€™s the Whistleblower?"
"7817","Iâ€™m sad they didnâ€™t get to shake hands up there like they wanted to and tried to. It was so sad seeing this. Its like a love story up there. OMG Its the notebook.
Now get out that fucking cheque book and donate to my charity and the real bad mans back"
"47117","Nights like this.. I wish I had me a little lady friend.ğŸ™„. I think Iâ€™m going to give BlackPeopleMeet a try ğŸ˜‚"
"54293","Yesterday Jay Sekulow looked right at Schiff's FAT face and said ""I want YOU as a witness... I want Hunter Biden as a witness and I want JOE Biden as a witness""

BOOM!  LIKE A BOSS"
"40506","â€œThe reason they are not sending the Articles of Impeachment to the Senate is that they are so weak and so pathetic.â€ @LindseyGrahamSC @MariaBartiromo  The great Scam continues. To be spending time on this political Hoax at this moment in our history, when I am so busy, is sad!"
"59421","Mr. President, letâ€™s set politics aside. My husband earned all his accolades after a lifetime of service. Iâ€™m preparing for the first holiday season without the man I love. You brought me down in a way you can never imagine and your hurtful words just made my healing much harder."
"64644","I will vote for someone who does not yell, will not tweet, will submit the SOTU in writing, will appear at no sporting events and reads books. I ask for so little.."
"44021","#LUFC can set all the deadlines they want but #SaintsFC are not interested in giving them Che Adams. Am also reliably informed the player is happy at #SaintsFC nothing to see here."
"13020","Schiff is giving Republicans NO WITNESSES, NO LAWYER & NO DUE PROCESS! It is a totally one sided Witch Hunt. This canâ€™t be making the Democrats look good. Such a farce!"
"4787","Georgia has national championship talent with a JV offensive game plan."
"55090","Mini Mike is part of the Fake News. They are all working together. In fact, Bloomberg isnâ€™t covering himself (too boring to do), or other Dems. Only Trump. That sounds fair! Itâ€™s all the Fake News Media, and thatâ€™s why nobody believes in them any more."
"11557","I am SO SICK of @MeghanMcCain turning EVERY political interview into a tearful monologue about her father.

It is a CHEAP, emotional maneuver that she uses so that nobody can question her non-existent authority.

Sheâ€™s a spoiled brat!

GREAT JOB, TODAY @DonaldJTrumpJr!!"
"2125","I have had to physically stop myself from trolling @mattgaetz all day today.

ITâ€™S BEEN SO HARD TO NOT TROLL HIM TODAY.

GOD HELP ME.

ğŸ¤

(so very hard)"
"9922","I believe in sending flowers, and paying for dinner, opening doors and holding hands, trips to Disneyland and making future plans, planning road trips, and PDA and saying I love you and always meaning it.

No wonder I canâ€™t date in 2019, Iâ€™m too fucking old fashioned. ğŸ’€"
"47931","Stand by for news â€” @SpecialReport - with a full hour of news stories and panel ahead.   My Voice is a little shaky today from a cold but I will make it through."
"56618","How u stripping,selling pussy and working in sales at Macyâ€™s lol"
"47320","Democrats want the Senate to do their work for them.

But the Senateâ€™s job is to review what the House sent over, not hold an impeachment* do over."
"54216","every straight person i know is pathetic only the men though straight women are queens"
"37804","Read the Transcripts!"
"13827","â€œThe circus is coming to town. The corrupt, compromised, coward & congenital liar Adam Schiff Show on Capital Hill, brought to you by his raging psychotic Democrats & the top allies in the Media Mob. Everything youâ€™re going to see in the next two weeks is rigged....."
"18971","Corrupt politician Adam Schiffâ€™s lies are growing by the day. Keep fighting tough, Republicans, you are dealing with human scum who have taken Due Process and all of the Republican Partyâ€™s rights away from us during the most unfair hearings in American History......"
"29860","25 Million Evangelical Christians are not registered to vote. We are working hard to get them registered! @robertjeffress @LouDobbs"
"23893","Mini Mike Bloomberg has instructed his third rate news organization not to investigate him or any Democrat, but to go after President Trump, only. The Failing New York Times thinks that is O.K., because their hatred & bias is so great they canâ€™t even see straight. Itâ€™s not O.K.!"
"33820","Sitting in a hot bath, full of overflowing bubbles, looking at the league table that says #WBA are top. Beside me I have a pizza, cigar and beer. So proud to support @WBA"
"62666","These were Mueller prosecutors, and the whole Mueller investigation was illegally set up based on a phony and now fully discredited Fake Dossier, lying and forging documents to the FISA Court, and many other things. Everything having to do with this fraudulent investigation is..."
"9108","The Whistleblower gave false information & dealt with corrupt politician Schiff. He must be brought forward to testify. Written answers not acceptable! Where is the 2nd Whistleblower? He disappeared after I released the transcript. Does he even exist? Where is the informant? Con!"
"22765","F21 is so annoying for cropping 90% of their tops and sweaters.. some of us are fat"
"16051","Dow hits 28,000 - FIRST TIME EVER, HIGHEST EVER! Gee, Pelosi & Schitt have a good idea, â€œlets Impeach the President.â€ If something like that ever happened, it would lead to the biggest FALL in Market History. Itâ€™s called a Depression, not a Recession! So much for 401-Kâ€™s & Jobs!"
"54660","Billionaire Bloomberg just bought the @DNC. #PayToPlay #StandWithTulsi"
"52604","I canâ€™t stand when niggas say they didnâ€™t want to have kids but they nutted in a woman!! YOU ARE AN IDIOT! YOU DESERVE TO PAY EVERY RED CENT OF CHILD SUPPORT! I HOPE YOU NIGGAS STAY ON CHILD SUPPORT FOREVER MAY THE MOTHER OF YOUR CHILDREN EAT YOU NIGGAS ALIVE!#SoShamelessPodcast"
"10681","Based on the information released last night about the Fake Whistleblowers attorney, the Impeachment Hoax should be ended IMMEDIATELY! There is no case, except against the other side!"
"57895","I'm now in the 7-8 hours of solid sleep zone and waking up naturally between 6-7am ğŸ˜.

I love watching the sun rise through my bedroom window ğŸŒ„

Feeling a bit groggy from last night's valium but I have good plans for today â¤.

Happy Saturday #RecoveryPosse

Day 39"
"30534","Congressional Do Nothing Democrats are being absolutely decimated in their districts on the subject of the Impeachment Hoax. People that voted for them are literally screaming in their faces. Crazy Nancy is finding defending Shifty Schiff harder than she thought! #2020Election"
"60662","Mini Mike is a 5â€™4â€ mass of dead energy who does not want to be on the debate stage with these professional politicians. No boxes please. He hates Crazy Bernie and will, with enough money, possibly stop him. Bernieâ€™s people will go nuts!"
"64785","Growing up playing girlsâ€™ sports every girl with short hair who was good was accused of being a boy by parents on opposing teams. If pending bills pass those girls are going to be forced to get their genitals and hormones and chromosomes checked to â€œproveâ€ their sex."
"22839","I spend too much time stressing about software choices as an user/consumer. I'm beginning to worry this is unhealthy, I literally lose sleep over this stuff. ğŸ˜"
"36284","Speaker Pelosi and Chuck Schumerâ€™s drive to try and rig the trial against the President is misplaced. There is no factual basis for the Articles of Impeachment that passed the House. This President will be exonerated.â€ William McGinley  @foxandfriends"
"12500","The call to the Ukrainian President was PERFECT. Read the Transcript! There was NOTHING said that was in any way wrong. Republicans, donâ€™t be led into the fools trap of saying it was not perfect, but is not impeachable. No, it is much stronger than that. NOTHING WAS DONE WRONG!"
"29343","The DA is finished:

A large number of DA Cllrs in Tshwane no longer want the DA, if the DA thought it is a Jhb problem, they are wrong. Tshwane is worse (Black and White caucuses) than Jhb. In fact Jhb is a ""scratch of the surface"".

ğŸ”¥ğŸ”¥ğŸ”¥ğŸ”¥ğŸ”¥ğŸ”¥ğŸ”¥

@MYANC @MbalulaFikile @Our_DA"
"38702","Archie doesn't need to have playdates with his cousins. He has many other friends. Louis has his siblings and his other cousin Arthur if Kate wants him to play with kids, he will only interact with Archie when it is necessary. That family will just use him for their own gain."
"14759","Yesterday, one of my one year olds was crying during nap time so I moved to rub her back and she calmed down and then started rubbing my leg. It was so sweet. ğŸ¥ºğŸ¥ºğŸ¥º"
"21743","Damn I really donâ€™t have any friends to do my hood rat activities with"
"43082","Why arenâ€™t all House Dems showing support for Iranian protesters who have courageously taken to the streets in Iran in favor of freedom, stability, prosperity & peace. Just checked the Twitter feeds of Pelosi, Hoyer, Clyburn, Schiff & others. Nothing! Why the silence on this?!?!"
"61196","Drag Race UK is unbearable."
"36896","#amjoy That's Donald Trump's psychopathology talking. That's at the core of everything he does/says. It warps his thinking and thus his behavior. And that's what makes him a clear/present danger to our national security & the world & should post haste evoke the 25th Amendment."
"16773","Some people on here just make me laugh!!! They follow you JUST so they can try and put you down, and by try I mean fail!! ğŸ˜‚ğŸ˜‚ğŸ˜‚ honestly if you donâ€™t like me please click unfollow Cos really youâ€™re just embarrassing yourself!"
"4083","The leaks out of todayâ€™s witness interview have been laughably overblown and donâ€™t tell the full story

Still no evidence of quid pro quo. Much of the statement and hearsay allegations didnâ€™t hold up against any real scrutiny.

The FULL transcript should be released immediately"
"30294","My son is taking part in a social experiment.

He has to wear a Hearts top for 2 weeks to see how the people react.

So far he has been spat at, punched, kicked and verbally abused.

It will be interesting to see what happens when he leaves the house."
"6684","What's happening in Hong Kong is incredible.

We've seen over two million people come to the streets protesting for freedom and democracy.

And it's amazing to see them holding up quotes from the American Founding Fathers.

#StandForFreedom #StandWithHongKong #StandWithHK"
"63945","Silence is bliss, or so they say... But is it truly?"
"48701","Normie Democrats canâ€™t stand Sanders/DSA Twitter, but I think theyâ€™d learn to love it fast if Sanders was the nominee. All of that posting aimed at Donald Trump? Folks!"
"1274","Adam Gase stumbled through his press conference. No accountability at all. Tried to pass the buck to â€œthose guysâ€ in the front office when asked about Kelechi Osemele.

He showed no leadership of any kind.

Embarrassing for the organization."
"8733","If Shifty Adam Schiff, who is a corrupt politician who fraudulently made up what I said on the â€œcall,â€ is allowed to release transcripts of the Never Trumpers & others that are & were interviewed, he will change the words that were said to suit the Dems purposes. Republicans..."
"2562","Theater critics use the word 'delicious' to describe a performance or a show they like constantly and yet food critics rarely utilize that word when describing an actual meal.

#RandomThoughts"
"61926","let me see if he can run from a shotgun"
"9650","If youâ€™re looking for innocent and sweet....donâ€™t look at me.

My sense of humor is warped, I have a fucked up view of romance and I swear like a goddamn motherfucking sailor."
"60350","Mini Mike is a 5â€™4â€ mass of dead energy who does not want to be on the debate stage with these professional politicians. No boxes please. He hates Crazy Bernie and will, with enough money, possibly stop him. Bernieâ€™s people will go nuts!"
"7279","Iâ€™m gonna start lip-syncing"
"17839","Khune paid lobola after cheating with a teenager. Reminds me of a tweet that said there is nothing a marriage proposal can't fix to some women. You can treat her like dirt but ask her to marry you she will gladly say yes. ğŸ¤¦ #KHUNE"
"66167","Very worrying on news tonight the number of #coronavirus cases in South Korea has increased. Anyone attending matches at TOTTENHAM will know we have hundreds of tourist fans from South Korea to see their idol Heung Min Son, should we be alarmed? #COYS @patel4witham"
"24944","A minor child deserves privacy and should be kept out of politics. Pamela Karlan, you should be ashamed of your very angry and obviously biased public pandering, and using a child to do it."
"31665","Can you believe that I will be impeached today by the Radical Left, Do Nothing Democrats, AND I DID NOTHING WRONG! A terrible Thing. Read the Transcripts. This should never happen to another President again. Say a PRAYER!"
"47916","Cryinâ€™ Chuck Schumer is now asking for â€œfairnessâ€, when he and the Democrat House members worked together to make sure I got ZERO fairness in the House. So, what else is new?"
"51142","Shifty Adam Schiff is a CORRUPT POLITICIAN, and probably a very sick man. He has not paid the price, yet, for what he has done to our Country!"
"13707","With your help I would like to rename the following public spaces;

JKIA Airport
Uhuru Highway
JKUAT University
Mama Ngina Drive
Kenyatta University
Uhuru Park
Uhuru Gardens
Kenyatta Market
Mama Ngina Street
Kenyatta Hospital
Kenyatta Uni Refferal Hospital

Share deserving names."
"21006","I just watched aiesha yesufu rant now on instagram! Edakun is that lady ok at all? What is her problem? Proudly bragging that sheâ€™s a mad woman only that she does not have a bed in a mental home yet! Is that woman normal at all? I think she should be checked o! Hian! ğŸ˜³ğŸ˜³"
"35307","Apparently the young people now say â€œslapsâ€?

E.G. â€œThat movie slaps.â€

Do yâ€™all know about this? Am I using it right?"
"33597","Nancy Pelosi is looking for a Quid Pro Quo with the Senate. Why arenâ€™t we Impeaching her?"
"14681","Whereâ€™s the Fake Whistleblower?"
"36071","For those who have heard my voice, what do I sound like?"
"26068","Hi Tari please keep anonymous.
Broke up with my girlfriend month ago, ever since Iâ€™ve just been in a spiral of self destruction and sabotage.She blocked me, but i still text the number because only person i want to talk to.
Not like she is perfect , red flags here and there"
"8628","Vinatieri just missed a potential game winning field goal from 43 yards away. Why didnâ€™t Head Coach Frank Reich know he was going to miss it? Last week he knew he was going to make the 51 yarder. How can that be?"
"56885","Attention @MittRomney:

Everyone thinks you are a spinless hack and a stone cold loser.

I hope the Republican Caucus kicks you out immediately and the people of Utah vote to recall your pathetic, carpet bagging self.

#RecallRomney"
"31175","The Stock Market hit another Record High yesterday, number 133 in less than three years as your all time favorite President, and the Radical Left, Do Nothing Democrats, want to impeach me. Donâ€™t worry, I have done nothing wrong. Actually, they have!"
"24791","The Fake News Media is doing everything possible to belittle my VERY successful trip to London for NATO. I got along great with the NATO leaders, even getting them to pay $130 Billion a year more, & $400 Billion a year more in 3 years. No increase for U.S., only deep respect!"
"8601","The Whistleblower got it sooo wrong that HE must come forward. The Fake News Media knows who he is but, being an arm of the Democrat Party, donâ€™t want to reveal him because there would be hell to pay.
 Reveal the Whistleblower and end the Impeachment Hoax!"
"5541","Pelosi is now leading a delegation of 9, including Corrupt Adam Schiff, to Jordan to check out Syria. She should find out why Obama drew The Red Line In the Sand, & then did NOTHING, losing Syria & all respect. I did something, 58 missiles. One million died under Obamaâ€™s mistake!"
"2488","My Sunday morning in a mountain refugio in Spain, so far. Washing my socks by hand with bath soap. Picking up scratchy coverage of the rugby. Coordinating a response to the PM's silliness. Advising on the Lib Dem Federal Constitution. Yours?"
"53588","Even the Washington Post has called Schiff a liar. It is clear he knows and even coached the whistleblower.

How can anybody take his information seriously? He is deliberately misleading the public about @realDonaldTrump because he knows their impeachment case is baseless."
"5753","PSA: I'm not an egalitarian, of any stripe."
"11357","2. Here is a Warning, you have all been told the truth AGAIN!! I STRONGLY ADVISE ALL OF YOU TO STOP LYING ABOUT ME."
"44396","Reports of ongoing Russian interference in US elections to benefit the President & undermine our democracy highlight the need for action.

Our intel & law enforcement officials have been clear about the threat.

Why doesnâ€™t the President have a plan to protect our elections?"
"63801","Another day another mia nude sent to my snap chat that I almost accidentally open in front of my mom"
"37608","Most of us we have amazing partners but we don't realize thatğŸ™…â€â™‚ï¸ because we spend most of our times comparing our current with our previous and even envying other people's relationships instead of moulding our own into what we want them to be"
"2904","#StopTheCoup"
"60615","Congress wasted time and millions of dollars on a partisan impeachment. In return, taxpayers got nothing. Democratsâ€™ misaligned priorities have cost the people solutions that could have actually improved their quality of life."
"21147","Lee beating Rollins and Reigns would have jolted him so high. But Vince doesn't know how to make new stars. Pretty sad.

#SurvivorSeries"
"33602","If Ive ever talked ill about you this year, I am sorry because starting this new decade your dead to me. These past few years I have been through absolute hell and trauma, but as we embark on a new decade, I plan to reach new endeavors. I cant have negativity...."
"53918","â€œSchiff blasted for not focusing on California homeless.â€ @foxandfriends  His District is in terrible shape. He is a corrupt pol who only dreams of the Impeachment Hoax. In my opinion he is mentally deranged!"
"48677","Orange juice is better than apple juice ğŸ¤—"
"57160","Came from meetings to see Wiggins to Dallas rumors?

If it gets this bum THJ out of Dallas then Iâ€™m ğŸ¥°ğŸ¥°ğŸ¥°"
"45161","How low can liddle Adam Bull Schiff go? I was never in Kiev. For them to take some texts my buddyâ€™s and I wrote back to some dweeb we were playing with that we met a few times while we had a few drinks is definitely laughable. Schiff is a desperate turd playing with this Lev guy."
"37289","Hey, @realDonaldTrump, maybe your New Yearâ€™s resolution should be to stop adding to the stigma of mental illness and not use terms in your tweets like, â€œcrazyâ€ or â€œlost his mindâ€.

The 44 million of us who suffer sure would appreciate it. ğŸ‰"
"7398","The Greatest Witch Hunt In American History!"
"31865","SUCH ATROCIOUS LIES BY THE RADICAL LEFT, DO NOTHING DEMOCRATS. THIS IS AN ASSAULT ON AMERICA, AND AN ASSAULT ON THE REPUBLICAN PARTY!!!!"
"61895","Oh dear! How will our bigotted kids become woke without Radio 1 â€“ one of dozens set for the axe â€“ educational TV like ""Danny Dyer: I Believe in UFOs"" and QT panels packed with condescending metropolitan liberals.

How will Britain ever rejoin the EU without mass propaganda? ğŸ˜«"
"63244","Uhuru Kenyatta legacy issa scamâ€¦
School laptops scam
SGR scam
Eurobond scam
Galana Kulalu scam
Last mile connectivity scam
Security cameras scam
Dams scam
Container terminal scam
Huduma namba scam
Stawi loan app scam
Early oil export scam
Medical equip scam

what have I missed?"
"52395","An unpublished manuscript that only â€œanonymous sourcesâ€ have seen, leaked at the very last minute, just as Democrats are losing what little impeachment momentum they had left.

Weâ€™ve seen this before.

This is a desperate attempt to resusciate their dying political dreams."
"26683","what other singer do I sound similar to Iâ€™m curious"
"48467","donâ€™t ever feel like you gotta deal with me .. just cut me off lol"
"48528","Yâ€™all bitches weird asf ğŸ¥´ being cool w yâ€™all babyfather babymother shid I WOULD NEVER ! ğŸ—£ idgaf fuck the kids bond watever the situation Iâ€™m just not with it ğŸ’¯"
"50979","He's  returned from yet another battle, exhausted. He's going to wander up behind @unalterablyours  and hug her from behind.

""Hello, my darling.""

He greets her with a slightly sleepy tone."
"49627","Trapped gas be the worst"
"11226","Bloomberg is almost a foot shorter than Trump, and maybe half a foot shorter than Biden.

His voice and facial expressions make him sound and look harsh and unlikeable.

Optics like that matter in a national race. They matter a lot."
"51333","Seeing yâ€™all be in blasphemy and heartbroken over celebrity deaths kills me everytime"
"20788","Let us speak no more of the Raiders being good. They've beaten bums. These are the facts."
"38889","IS ANYONE GONNA TELL THAT VEGAN PRICK TO STFU AND LET THE OTHER POOR WOMAN SPEAK. #ThisMorning DONT BE FUCKING RUDE, NOT EVERYONE HAS TO BE VEGAN"
"66578","Smoking in bars was good. First of all it made people like me happy. Secondly it kept other people (joyless nerds) out of bars and they could stay home and play settlers of catan or whatever, thereby extending their lives.

*bangs gavel*"
"43458","Wow! Crazy Bernie Sanders is surging in the polls, looking very good against his opponents in the Do Nothing Party. So what does this all mean? Stay tuned!"
"933","The Ukraine investigation is just as Corrupt and Fake as all of the other garbage that went on before it. Even Shifty Schiff got caught cheating when he made up what I said on the call!"
"31529",".@marcthiessen  â€œVoters say the Democrats are trying to take away their votes. Pelosi was right the first time. Impeachment has backfired thoroughly on the Democrats. How can you Impeach the President for going to the courts?â€"
"34697","Men still going to womenâ€™s fathers for permission to marry is beyond infuriating. Women are not fucking cattle to be traded, we can make our own decisions and our fathers donâ€™t get a say in that as if weâ€™re property to be traded from one man to another.

Says a lot about a man."
"12551","#Unathi this backlash is deserved. She must learn. She did the same @METROFMSA . I hope @IdolsSA, takes serious steps against her. Our kids watch that show. Are they now supposed to feel inferior  because they not Xhosa?"
"45787","Iâ€™m partial to singing â€œBoris Johnson is a cuntâ€ to the tune of â€œIâ€™ve Been Driving In My Carâ€ by Madness. #bbcqt"
"39340","First of all, if you just smoke ""weed"" then we aren't even on the same level. I won't purchase or smoke weed unless I know the strain and have verified the quality. I don't match with people. I smoke tiny amounts out of a bowl throughout the day."
"28009","All those Guys who plait their hairs and put on earring, May God add menstruation for you."
"9032","The Whistleblower gave false information & dealt with corrupt politician Schiff. He must be brought forward to testify. Written answers not acceptable! Where is the 2nd Whistleblower? He disappeared after I released the transcript. Does he even exist? Where is the informant? Con!"
"60874","I hate arrogant people
Rude people
Angry people"
"35906","Thanks for letting us know. See you real soon... RT @Rob60290157: @Working94316509 Got some Cali weed, so yes probably the same."
"42926","If we want to help the Iranian people we should start by lifting the travel ban."
"26474","Read the Transcripts! Also, see where I say â€œusâ€ (our Country) as opposed to â€œmeâ€ (meaning me) and where I then say that the Attorney General (of the United States) will call you. People still remember Schiffâ€™s made up and fraudulent version of my conversation. Witch Hunt!"
"57224","Little girls are so cute putting their mcms as their headers and posting them on their stories ğŸ˜‚when you get older luv heâ€™ll dash that phone out your hand if you try snap him he canâ€™t get caught cheating ğŸ’€"
"34498","Does no-one nick phones anymore? I could have done with mine being nicked last night. Christ. the. night."
"48516","Good News Pierre Delecto joined fellow Republicans in voting to shoot down Dem amendments  ğŸ‘ğŸ‘"
"13433","Every American Jew knows a Bernie Sanders in his/her personal life: Someone nominally born Jewish but is a hardline atheist, secularist, and socialist who forsakes God, country, and tradition alike.

These self-haters do not speak for proud American Jews and American Zionists."
"13425","Canâ€™t no man make a woman cum from eating her pussy. ğŸ˜‚ Donâ€™t @ me."
"11487","Republicans only have til Saturday to request witnesses for ALL open hearings.

-@RepAdamSchiff decides WHICH witnesses testify, if any
-Schiff decides WHEN witnesses testify, if at all
-Presidentâ€™s counsel still excluded

Does this sound like due process?"
"1050","It makes no sense how people get home around 5am from grooveğŸ˜¨. By the time it was 9, I was hella grumpy. ğŸ˜‚"
"37490","Bernie Sanders will make an excellent president of Twitter, a stupid and puerile place filled with bumper sticker ideas presented in aggressively idiotic fashion, without regard for real-world consequences"
"56330","The next person who tells me I look tired will get told to fuck right off. Getting sick of it now #Iknowwwwww #noneed"
"21157","After Mueller it should have been OVER.

The whole Ukraine issue, particularly the way the House of Representatives is doing it, is a joke.

Weâ€™re less than a year away from the 2020 election.

If you donâ€™t like Trump -- vote against him.

Let the American people decide!"
"19041","I am 35.
I am fat.
I have grey hair.
I am wrinkled.
I have battled and survived.

I am grown and I can speak my fucking mind whenever, wherever and however I like.
You will never stop me ğŸ–•ğŸ¼â¤ï¸ğŸ–•ğŸ¼"
"4968","Get the fucking TRAITOR out of our god damned White House!!!  @realDonaldTrump"
"19970","Vindictive Vindman is the â€œwhistleblowerâ€™sâ€ handler."
"32820","#IStandWithMaya

Actually no I don't, and if you do the best thing you can do for society is die"
"63362","wasn't y'all just calling popsmoke ugly lmfao"
"50449","Our case against lyinâ€™, cheatinâ€™, liddleâ€™ Adam â€œShiftyâ€ Schiff, Cryinâ€™ Chuck Schumer, Nervous Nancy Pelosi, their leader, dumb as a rock AOC, & the entire Radical Left, Do Nothing Democrat Party, starts today at 10:00 A.M. on @FoxNews, @OANN or Fake News @CNN or Fake News MSDNC!"
"53256","Nigga got hurt ONE time and now everybody gotta pay. Women get hurt so much and still are able to give. Letâ€™s talk about it."
"40107","what do you guys think of the #chillsvideo ?!!"
"14784","I need to see the new Rick and Morty episodes but really want to wait to binge watch the whole season ğŸ˜‚"
"3592","Nervous Nancy Pelosi is doing everything possible to destroy the Republican Party. Our Polls show that it is going to be just the opposite. The Do Nothing Dems will lose many seats in 2020. They have a Death Wish, led by a corrupt politician, Adam Schiff!"
"10712","The Amazon Washington Post and three lowlife reporters, Matt Zapotosky, Josh Dawsey, and Carol Leonnig, wrote another Fake News story, without any sources (pure fiction), about Bill Barr & myself. We both deny this story, which they knew before they wrote it. A garbage newspaper!"
"12958","Schiff and the Dems have created this whole thing, they reverse engineer it. Theyâ€™ve been vowing to impeach for three years. Why should we listen to them? Why should we want to?â€  @greggutfeld @FoxNews"
"2743","Who do the 49ers play next week? Clovis west?"
"47850","What these Boomer MAGA Q Tards fail to realize is that the 2nd Amendment doesnâ€™t mean shit when they import brown hoards to vote away our rights. Silly rallies donâ€™t fix anything, weâ€™re still outnumbered, and the margin is growing every year."
"55032","Fuck dnc  & Bloomberg -
Who want ONE thing-
to stop sanders -
ok you wanna make this like 68 ?  U want to lie - try to buy it
& Just shove it down our throats ?
F U C K you
We are coming for you too -  believe it -"
"7136","The Greatest Witch Hunt In American History!"
"9243","Mark Levin, a great lawyer and scholar, said last night on his @marklevinshow, that all you have to do is read the transcript of the call, you do not need Never Trumpers or other witnesses to say what it means or says. It is plainly and very well stated for all to see. Witch Hunt"
"8572","The Democrats are Fixers, and they are working overtime to FIX the Impeachment â€œProcessâ€ in order to hurt the Republican Party and me. Nancy Pelosi should instead Fix her broken District and Corrupt Adam should clean up & manage the California forests which are always burning!"
"50519","Our case against lyinâ€™, cheatinâ€™, liddleâ€™ Adam â€œShiftyâ€ Schiff, Cryinâ€™ Chuck Schumer, Nervous Nancy Pelosi, their leader, dumb as a rock AOC, & the entire Radical Left, Do Nothing Democrat Party, starts today at 10:00 A.M. on @FoxNews, @OANN or Fake News @CNN or Fake News MSDNC!"
"48753","ADVANTAGES OF DATING A YOUNGER WOMAN

1st n foremost, let me make it clear, by young, I'm referring to 18 yrs +, before the feminists accuse me of child abuse. Now that's cleared up, I'm going to list the advantages of dating a younger woman (25 & below) over the older onesâ¬‡ï¸â¬‡ï¸â¬‡ï¸"
"50957","I personally feel like Congratulations and Congrats don't carry the same weight...Congrats comes with an attachment of jealous ğŸ™„"
"20220","If Shifty says itâ€™s just a coincidence that he is invested in same companies that got $7b in laundered Ukrainian money will you believe him? Well maybe if he stepped down until he was investigated. If I was Independent Council I would be quick and fairer than Mueller."
"64255","Wow, back to  #RussianCollusion , due to a NY Times speculation piece.  Liberals will run with anything, this unhinged behavior just keeps feeding the Trump base, growing and growing Dems!!! Keep it up!!! Even Obama is ashamed of you"
"33719","Today my normal UPS driver was out sick, I had a package that I had to have before an event tonight, called UPS they said it will not be there till 8pm
Called my normal UPS drive and he went out and got the package on his own and hand delivered it to me!"
"24722","Youâ€™re fiddling it, rigging it, @afneil puts to @joswinson on her plans for a second referendum with a completely different voting franchise. Too. Bloody. Right. #andrewneilinterviews"
"65106","Imagine if there was an anorexia/bulimia acceptance movement, where people applauded women for throwing up their meals on instagram.

Thatâ€™s the inverse of the Leftâ€™s fat acceptance movement.

This fashionable stupidity needs to stop."
"3449","When will Californians stand up and fight for themselves instead of evacuating every other week? Government isn't going to save you or your homes! #kinkaidfire"
"27979","At the very least, the Patriots look dumb here. Having a staffer shooting an opposing sideline in plain sight, based on their history, would be a little like if a USC ass't brought a recruit to a car dealership after the Reggie Bush scandal.

Doesn't mean they're guilty. But ..."
"22140","Payday and all money gone bcos I spent too much on my cc ğŸ¥°"
"17984","Under @jeremycorbyn we would go back to square one.

He'll spend months dithering and delaying

And that would lead to yet another chaotic referendum

Vote @Conservatives we have a great deal - let's #GetBrexitDone"
"32976","Republicans are seeing what a real leader looks like. And theyâ€™d be wise not to mess with Speaker Pelosi. She will insure a fair Senate trial. She will insure the public sees that this President has committed Abuse of Power & Obstruction of Congress. She will insure the truth."
"31387","Democrat â€œleadership,â€ despite their denials, are putting tremendous pressure on their members to vote yes on this ridiculous Impeachment. If they vote yes, it will be much easier for Republicans to win in 2020!"
"32703","You are not entitled to a job if you refuse to treat your coworkers with the respect and dignity to which they are entitled. The workplace does not benefit from marginalizing anyone based on sex or gender, which are not the same thing... #JKRowling. #transrightsarehumanrights"
"21390","I live on my own, I am disabled and fill up my time listening to LBC or watching the news channel, I have developed a peculiar habit these past few weeks.

Everytime I see Johnson on TV   I spontaneously shout 'FUCK OFF DICK HEAD!'  I think I might be cracking up. anyone else?"
"34762","If you like #TheRiseOfSkywalker thatâ€™s enough for me to make a valid judgement of you. Fuck you if you like this movie. You donâ€™t deserve to be a Star Wars fan. Heard a kid say he loved it as I was walking out of the theater and... letâ€™s just say heâ€™s lucky I canâ€™t hit a minor"
"5873","If John Kelly spoke privately with the ten Republican senators he knows best, and Jim Mattis spoke with the ten senators heâ€™s closest to, and if each told the senators how much he fears for the country with Trump, untrammeled and unhinged, at the helm...Trump would be gone."
"7909","1/3
The best thing that could happen to Democrats, happened today!
""Hell yea, we're coming for your AR-15s and AK-47s"", Beto O'Rourke packed it in!

Like many, I wish we could!
However, their are too many people that are proud of their killing ability!

These people saw no war!"
"109","Whereâ€™s the Whistleblower?"
"24310","That Kamala, Beto, and Inslee dropped out early while Bloomberg paid his way into an indefinite stay is disgusting. Whatever you do, don't vote for a billionaire, and be wary of those whom they favor."
"31847","SUCH ATROCIOUS LIES BY THE RADICAL LEFT, DO NOTHING DEMOCRATS. THIS IS AN ASSAULT ON AMERICA, AND AN ASSAULT ON THE REPUBLICAN PARTY!!!!"
"54","Why should I apologize for being honest?

Why should I not voice my opinion and state the facts about the state of the business.

Iâ€™m proud to be a professional wrestler and Iâ€™m even more proud to be a African American.

Stand with me and stand behind me.

#ForTheCulture"
"66769","Sugar, Iâ€™ll resurrect you with one flick of my tongue"
"63671","5 BTS songs to get to know me ğŸ¥°
blood sweat & tears
first love
answer: love myself
everythingoes
heartbeat"
"32688","If House Dems refuse to send Articles of Impeachment to the Senate for trial it would be a breathtaking violation of the Constitution, an act of political cowardice, and fundamentally unfair to President @realdonaldTrump."
"443","stop venting, canâ€™t nobody feel that shit but you"
"59798","No matter how hard you think you are, a hun will always be able to make you cry"
"66105","Trump is probably going to get re-elected, and it's not Bernie's fault, or centrist Dems or Russia. Incumbency is a huge advantage in our elections which is why there's only been one incumbent lose their re-election and that was against Reagan a once in a generation talent"
"34041","Every shot James Harden took after he got to 47 points is why a lot of people don't like James Harden."
"55910","I hope Republicans & the American people realize that the totally partisan Impeachment Hoax is exacty that, a Hoax. Read the Transcripts, listen to what the President & Foreign Minister of Ukraine said (â€œNo Pressureâ€). Nothing will ever satisfy the Do Nothing, Radical Left Dems!"
"32320","The impeachment Articles passed by the House of Representatives will meet a quick demise in the Senate."
"61810","Getting ready to go to the Daytona 500. Will be GREAT!"
"31696","Can you believe that I will be impeached today by the Radical Left, Do Nothing Democrats, AND I DID NOTHING WRONG! A terrible Thing. Read the Transcripts. This should never happen to another President again. Say a PRAYER!"
"26622","PEOPLE KEEP MENTIONING MY RANKINGS ğŸ¤£ I DONT CARE ABOUT THEM I MEAN IMMA 3 STAR RECRUIT BUT EVERY TIME I STRAP UP THAT HELMET AND THOSE SHOULDER PADS CANT NOBODY TELL ME IM NOT THE BEST OLINEMAN IN THE COUNTRY â€¼ï¸
#HUMBLE
#GBO"
"9644","I just had one of those head-scratching moments of...how the fucking fuck are we in this situation with this ignorant evil racist sociopath dangerous dictator-wannabe traitor squatting in the Oval Office. Seriously. How...the...fuck? #Trump"
"8617","The #jets are actually going to lose to a team trying not to win"
"36375","I hate when people reply my texts with â€œlolâ€, just lol. I know for certain Iâ€™m not funny so why are you laughing?"
"20578","TRUTH ALERT:

The statement Iâ€™ve made several times of having an insurance policy, if thrown under bus, is sarcastic & relates to the files in my safe about the Biden Familyâ€™s 4 decade monetizing of his office.

If I disappear, it will appear immediately along with my RICO chart."
"53022","Why didnâ€™t John Bolton complain about this â€œnonsenseâ€ a long time ago, when he was very publicly terminated. He said, not that it matters, NOTHING!"
"34671","Guys Merry Christmas Eve eve ğŸ˜‚remmeber from that friends episode ğŸ˜‚because friends is so funny ğŸ˜‚ğŸ‘ŒğŸ»ğŸ’¯"
"65459","The more weâ€™re in-fighting about â€œprogressivesâ€ and â€œestablishmentâ€â€”Trump wins. The chaos is exactly what they want. The chaos is how they win.

Vote for your pick. You donâ€™t have to tweet about it, or defend it, or convert people. Thatâ€™s the candidates job. Just vote proudly."
"52898","No matter how many witnesses you give the Democrats, no matter how much information is given, like the quickly produced Transcripts, it will NEVER be enough for them. They will always scream UNFAIR. The Impeachment Hoax is just another political CON JOB!"
"59208","you broke as hell if you order bottomless mimosas. you cant afford individual drinks? tacky."
"61733","Piers Morgan who spends most of his days vilifying women can fuck the fuck off and then, when heâ€™s fucked off, can fuck off a bit more. Spare us your shock you ghoul. Hounding Women is your modus operandi."
"51565","I NEVER told John Bolton that the aid to Ukraine was tied to investigations into Democrats, including the Bidens. In fact, he never complained about this at the time of his very public termination. If John Bolton said this, it was only to sell a book. With that being said, the..."
"15221","Everywhere Marie Yovanovitch went turned bad. She started off in Somalia, how did that go? Then fast forward to Ukraine, where the new Ukrainian President spoke unfavorably about her in my second phone call with him. It is a U.S. Presidentâ€™s absolute right to appoint ambassadors."
"47272","My son playing in his grocery store I bought him for Christmas. Today heâ€™s made me carrot toast and a pork chop salad. He obviously doesnâ€™t care about my intestines."
"16964","RT. Just listening to @BBCRadio4 I'm Sorry I Haven't a Clue in the car. Switched it off. Ridiculous anti Brexit and anti Tory bias. No balance whatsoever. No jokes about Corbyn and McDonnel. Just spite about Farage & Boris & public schools and an effort to link Mosley to Tories."
"26087","You think if my Comms Director was doing a terrible job they would be writing this piece?

Theyâ€™re upset because sheâ€™s doing one hell of a job blocking them from misrepresenting me!

Look at how our support has increased in the last several months, now you have the answer!"
"46009","Itâ€™s so weird to me when yâ€™all get judgy about where folks wanna travel to

Not everybody wants to spend $1000 every trip to go to fucking Indonesia. Some ppl just wanna go to Atlanta, be around niggas, hear ratchet music & drink some drank

Elitist Traveller Twitter is so weird."
"33142","I will be a juror and will take this process seriously, but this impeachment is motivated by Democratsâ€™ hatred of Donald Trump, not justice. Impeachment is sucking up all the time that could be used for positive things."
"53126","For a guy who couldnâ€™t get approved for the Ambassador to the U.N. years ago, couldnâ€™t get approved for anything since, â€œbeggedâ€ me for a non Senate approved job, which I gave him despite many saying â€œDonâ€™t do it, sir,â€ takes the job, mistakenly says â€œLibyan Modelâ€ on T.V., and.."
"37050","To those wondering what day it is. Itâ€™s Sunday. I still woke at 6am. I painted second coat of en-suite already. The shops donâ€™t open until
11am. I was in work Friday. Iâ€™m also in work tomorrow. Which is Monday. Iâ€™m not bitter about your time off AT ALL ğŸ™…ğŸ¼â€â™€ï¸ğŸ˜¤ğŸ‘ŠğŸ»ğŸ˜­"
"18321","Ok just seeing these Charles Barkley comments and just because he's been a shitty person in the past doesn't mean we get to excuse his shitty behavior now.

Saying he would hit a woman, joking or not, isn't ok & he needs to be reprimanded for it"
"3631","@kbkills No, you couldâ€™ve followed the costume partyâ€™s theme and actually wore a costume like a normal person instead of trying so hard to be different and get retweetâ€™s."
"61950","At a restaurant. Trump and a motorcade at the Daytona 500 comes on the TV. I literally donâ€™t know whether to laugh or cry or scream or just sigh. All. Weâ€™re gonna go with all."
"55524","what does everyone think of the new video???"
"61834","ok srry but shit pisses me off how girls can just stand in front of a camera on tik tok and get mad views just for being pretty or having a nice body and canâ€™t dance whatsoever but the ones that actually can get nooo support whatsoever like it sucks dawg shit it goes for boys too"
"33926","Pros of dating Sami âœ¨

â˜…very affectionate
â˜…homemade cooking
â˜…will comfort you when you're feeling down
â˜…positive vibes 25/8
â˜…endless reminders of love
â˜…soft tummy pillow

Cons of dating Sami âŒ

â˜…can get jealous
â˜…too clingy
â˜…no personal space
â˜…emotional
â˜…Ã§lÃ¯Ã±gy"
"3589","dang i literally told jenny this is what i mean iâ€™m always right"
"28254","Boris Johnson has refused to follow the other six leaders who have taken part in the leader interviews @BBCRadio2. His staff constantly told my producers â€” until this morning â€” that he was ""very likely"" to come on. Today we were told he couldn't, and no reason was given."
"28144","i laugh a looooottttttttt"
"12682","Shifty Adam Schiff will only release doctored transcripts. We havenâ€™t even seen the documents and are restricted from (get this) having a lawyer. Republicans should put out their own transcripts! Schiff must testify as to why he MADE UP a statement from me, and read it to all!"
"51687","This whole impeachment sham has been a taxpayer-funded campaign stunt for the Democrats.

They took Americansâ€™ hard-earned dollars and funneled them into years worth of baseless investigations meant to discredit and disparage the President."
"580","I have willingly, without being asked, offered to vote for a deal I donâ€™t like, negotiated by a PM for whom I have zero respect. Yet his supporters in Parliament and the media spend their whole time hurling accusations of betrayal at me and others like me. How should we respond?"
"42366","YES im a hopeless romantic YES i have a fear of luv YES we exist"
"35854","Wait dkm. Weâ€™ve only won 5 games this season ğŸ¤£ğŸ¤£ğŸ˜‚ğŸ¤£ğŸ˜‚ğŸ˜‚ğŸ¤£ğŸ¤£ğŸ¤£"
"42805","New polling shows that the totally partisan Impeachment Hoax is going nowhere. A vast majority want the Do Nothing Democrats to move on to other things now!"
"3543","Spitting should carry a mandatory jail sentence"
"32978","The reason the Democrats donâ€™t want to submit the Articles of Impeachment to the Senate is that they donâ€™t want corrupt politician Adam Shifty Schiff to testify under oath, nor do they want the Whistleblower, the missing second Whistleblower, the informer, the Bidens, to testify!"
"66642","People that try to substantiate knowing a famous individual are really the most annoying."
"64241","i want some asian zing / spicy garlic boneless wings with a side of mother fucking fries & a strawberry lemonade lmaoooo"
"20155","Adam Schiff will be compelled to testify should the Democrats decide, despite the fact that my presidential conversations were totally appropriate (perfect), to go forward with the Impeachment Hoax. Polls have now turned very strongly against Impeachment!"
"7256","Senate Democrats just voted to filibuster the annual funding for the U.S. armed forces. Itâ€™s the second time they have blocked defense funding in two months. We canâ€™t advance it.

Remember when Democrats said their impeachment obsession wouldn't stop them from legislating?"
"42444","I have spoken to both the Prime Minister and Foreign Minister Champagne about the crash of UIA Flight 752. I appreciate their condolences for the many grieving Alberta families, and their assurances that the Government of Canada is doing everything possible to provide assistance."
"66491","America is getting a full dose of @berniesanders extremism.  He glorifies communist Cuba & now he's calling @AIPAC ""leaders who express bigotry."" In the past, he's called the Israeli govt ""racist.""  What's next?  @IlhanMN as Sec of State?"
"35708","Is it possible for me to be in love with someone yet feel as though I donâ€™t deserve to be putting with him not doing the bare minimum anymore(sweet messages, dates, compliments) But yet afraid of being alone. -anon"
"721","So some day, if a Democrat becomes President and the Republicans win the House, even by a tiny margin, they can impeach the President, without due process or fairness or any legal rights. All Republicans must remember what they are witnessing here - a lynching. But we will WIN!"
"1317","Two things are true

Thereâ€™s only been ONE man EVER who was always right & deserves blind loyalty & his name was Jesus;

And

No matter what a Republican does the left will never be fair to them. What they want is Republicans who will douse themselves in kerosene & light a match."
"34609","Pelosi gives us the most unfair trial in the history of the U.S. Congress, and now she is crying for fairness in the Senate, and breaking all rules while doing so. She lost Congress once, she will do it again!"
"5506","Pelosi is now leading a delegation of 9, including Corrupt Adam Schiff, to Jordan to check out Syria. She should find out why Obama drew The Red Line In the Sand, & then did NOTHING, losing Syria & all respect. I did something, 58 missiles. One million died under Obamaâ€™s mistake!"
"37851","Remember when Pelosi was screaming that President Trump is a danger to our nation and we must move quickly. They didnâ€™t get one Republican House vote, and lost 3 Dems. They produced no case so now she doesnâ€™t want to go to the Senate. Sheâ€™s all lies. Most overrated person I know!"
"50520","Can I raise $200,000 and throw my hat in the CPC leadership race? Born in ON. Living in AB for last 30 years. Bilingual. Engineer from private sector. Married. Never divorced. 4 adult kids. YouTube personality. Good speaker. Critical thinker.  Poor parents. Clean record."
"42700","Nancy Pelosi will go down as the absolute worst Speaker of the House in U.S. history!"
"44962","I ride with @BernieSanders. Full stop.

But if @ewarren takes it, I'll be right there with her.

Why? I'm an Arab + Muslim-Am doctor who is TOO DAMN TIRED of watching people die w/o healthcare, education, & jobs + wars started in the Middle east to fall for #neverwarren."
"26698","""Do you want to overthrow capitalism"". ""No"". Seriously..."
"7617","If you havenâ€™t actually met me off twitter, just picture all the characters of schitts creek combined plus someone who is fed up with the status quo, likes bitcoin, hates gossip and is very directionally challenged

Thatâ€™s pretty much me

Also I love pizza"
"24104","I do trust AG Barr and John Durham.

Durham didnâ€™t expand his scope and travel back and forth to Europe conducting interviews for no reason.

He found something"
"45897","of I hear that dumb ass box song one more time..."
"60381","Mini Mike is a 5â€™4â€ mass of dead energy who does not want to be on the debate stage with these professional politicians. No boxes please. He hates Crazy Bernie and will, with enough money, possibly stop him. Bernieâ€™s people will go nuts!"
"32089","SUCH ATROCIOUS LIES BY THE RADICAL LEFT, DO NOTHING DEMOCRATS. THIS IS AN ASSAULT ON AMERICA, AND AN ASSAULT ON THE REPUBLICAN PARTY!!!!"
"9015","False stories are being reported that a few Republican Senators are saying that President Trump may have done a quid pro quo, but it doesnâ€™t matter, there is nothing wrong with that, it is not an impeachable event. Perhaps so, but read the transcript, there is no quid pro quo!"
"42611","Did you know:

Bernie Sanders spent $342,000 on private jet travel in last two years

How did he make all of his money to fund this?

By lecturing Americans on income inequality & climate change

ğŸ¤”"
"54786","If the Senate opens the door on witnesses, we need to call:

Hunter Biden
Adam Schiff
The whistleblower

Put every Senate Dem clamoring for more witnesses on record.

My prediction is the Senate Dems will be ğŸ’¯% hypocritical & wonâ€™t have the courage to vote for these witnesses."
"44575","Cryinâ€™ Chuck Schumer just said, â€œThe American people want a fair trial in the Senate.â€ True, but why didnâ€™t Nervous Nancy and Corrupt politician Adam â€œShiftyâ€ Schiff give us a fair trial in the House. It was the most lopsided & unfair basement hearing in the history of Congress!"
"56481","skinny people are SO dishonest by equating fat and skinny shaming as equals and I absolutely hate it. they sound so silly."
"26149","I have started blocking woke folk that are actually ignorant fucks."
"50514","Our case against lyinâ€™, cheatinâ€™, liddleâ€™ Adam â€œShiftyâ€ Schiff, Cryinâ€™ Chuck Schumer, Nervous Nancy Pelosi, their leader, dumb as a rock AOC, & the entire Radical Left, Do Nothing Democrat Party, starts today at 10:00 A.M. on @FoxNews, @OANN or Fake News @CNN or Fake News MSDNC!"
"61843","We know in our hearts that in a democracy, it is not about the loudest voice or the biggest bank account.

It is about the best idea and about the person who can turn those ideas into action."
"37320","Does anything ruin a great game more than annoying fans, coaches, and ADâ€™s blaming losses on officials??

There were two really impactful calls in the game..both were officiated correctly.  Yes it was targeting.  Yes it was an incomplete pass.

Stop whining about them please!"
"43355","This could come for some criticism.. but.. that prostitute sobbing whilst quoting The Greatest Showman was TV gold. #LouisTheroux"
"7498","Dems panicking that Bidens have been caught in four decade pay for play. If pursued it will extend high and wide. Thatâ€™s why they are doing phony impeachment and trying to have me investigated and disbarred. Iâ€™ve got the evidence. Who has the guts to pursue big Dem crooks."
"32129","SUCH ATROCIOUS LIES BY THE RADICAL LEFT, DO NOTHING DEMOCRATS. THIS IS AN ASSAULT ON AMERICA, AND AN ASSAULT ON THE REPUBLICAN PARTY!!!!"
"42974","Nancy Pelosi will go down as the absolute worst Speaker of the House in U.S. history!"
"34173","Bro stop being mad at me and lemme give yu head kingğŸ¥º"
"57694","you fake positive ass wannabe drama free bitches get on my nerves"
"12978","â€œThe President has until September 30th to give this aid to Ukraine. He gets it out on September 11th., 3 weeks before the deadline. So, we give our ally aid, and Joe Biden is not investigated. Remember that, they get the aid and we get nothing in return. The Democrats...."
"6527","Bruh no cap. If you 21+ and ainâ€™t paying no bills for yourself thatâ€™s a real problem."
"2590","so apparently young money have stopped itunes, amazon and google music from sending the official numbers back to EOne so they were unable to track her sales this week. #JusticeForKim I cant believe a whole label is trying to sabotage her."
"42173","Itâ€™s just a matter of time before you start hearing some say that itâ€™s Trumpâ€™s fault that #Iran made a mistake and shot down a commercial airliner."
"47374","Why is 'love' held as the pinnacle of human emotion when it hurts so much.
Is it actually the ultimate punishment in disguise?
#achingheart
#unrequitted"
"56069","BeyoncÃ© & Jay-Z (former crack dealer)sit for the national anthem because apparently the United States of America has oppressed them with millions upon millions of dollars & fans. Sounds rough. Maybe they should try another country that allows them a little more freedom & success?"
"62671","â€œJudge Jackson now has a request for a new trial based on the unambiguous & self outed bias of the foreperson of the jury, whose also a lawyer, by the way. â€˜Madam foreperson, your a lawyer, you have a duty, an affirmative obligation, to reveal to us when we selected you the....."
"40971","if you over the age of 20 and you drive a honda, you might be broke. thatâ€™s a childâ€™s car."
"35109","If she 26+ and single thatâ€™s a red flag stay away from her"
"40541","Listening to @MusaliaMudavadi gives me nausea ,evasive , no content , deep state apologist , uninspiring... Has no coherent ideology and part of the past failed leadership.

#MondayReport"
"8138","Chicago will never stop its crime wave with the current Superintendent of Police. It just wonâ€™t happen! Thank you to Kevin Graham and all of the GREAT Chicago Police Officers I just had the privilege to meet. Tremendous crime fighting potential if allowed to do your thing!"
"26894","Who cares about juice world when thereâ€™s thousands of Muslims dying in a concentration camp in China"
"6043","Yesterdayâ€™s Never Trumper witness could find NO Quid Pro Quo in the Transcript of the phone call. There were many people listening to the call. How come they (including the President of Ukraine) found NOTHING wrong with it. Witch Hunt!"
"2224","Origi looks useless.
Spoiling the press, offering nothing"
"18572","They put regular milk in my @Starbucks coffee and I feel like I wanna die #happy hump day"
"54847","â€œGOPâ€ members of the Senate, you unconscionable, pathetic, spineless, hypocritical, lickspittle, death rattle of a racist patriarchal Calvinist shitbags. May all your teeth fall out but one. And in that one may you have a toothache. Enjoy how history looks at you. Itâ€™s not pretty"
"28188","literally if you support xxxtentacion in any way, if you even feel the slightest sympathy for him, please block me. i donâ€™t want to be associated with anyone who supports abusers. and if you wanna argue with me, save your breath for someone who isnâ€™t an abuse survivor"
"66032","I have been arrested !!"
"64957","Saturday nights used to be ace...

It's shit getting old..."
"15197","Everywhere Marie Yovanovitch went turned bad. She started off in Somalia, how did that go? Then fast forward to Ukraine, where the new Ukrainian President spoke unfavorably about her in my second phone call with him. It is a U.S. Presidentâ€™s absolute right to appoint ambassadors."
"1609","hi

Say it back"
"12539","I hate to say it, but Ezekiel Elliott is killing the Cowboys. So many nowhere runs keep wasting so many downs."
"56698","You beat your own sister and taped it. Spit on her & taped it. Kicked me in front your mother and sent her to the hospital. Sucking drake dick made u feel tough again. Move on."
"22276","My name is Michael Landsberg-long time TV/radio host-thought of by most as arrogant. I suffer from depression. It has crippled me at times- robbed me of my confidence & my swagger. But heres the thing- I'm not ashamed, embarrassed & I sure as hell am not weak. I am #SickNotWeak."
"54938","If ONE white woman accused me of rape my career would be OVER.

A white man accused of rape by TWENTY TWO women being able to run for a 2nd term as POTUS, with half the country still supporting him, is all you need to know about racism, white male patriarchy and white supremacy."
"56780","Romney is a Senator elected by the people of his state; his independent judgment is as legitimate as that of anyone else. Even though Trump's Ukraine behavior was thoroughly bad and stupid, Romney is wrong about impeachment. But that's about it. He is not a traitor or a buffoon."
"12685","The call to the Ukrainian President was PERFECT. Read the Transcript! There was NOTHING said that was in any way wrong. Republicans, donâ€™t be led into the fools trap of saying it was not perfect, but is not impeachable. No, it is much stronger than that. NOTHING WAS DONE WRONG!"
"54543","Fuck the EU but fuck edgy lads who think itâ€™s hard to be a Tory even more"
"24484","winwin so cute"
"66735","I'm working on a new album and it will drop suddenly. Like, pretty soon. 10 new tracks. Maybe more. Listening to mixes everyday! #Exciting!"
"46836","Scotland has been under Westminster rule for 313 years but the Scottish people didn't consent to it and we've never stopped resisting it. So as much as it may be a Rock, we are a Sea, and we shall relentlessly blast it wave after wave until its undone and Scotland is restored ğŸ´ó §ó ¢ó ³ó £ó ´ó ¿"
"51280","Reports are that basketball great Kobe Bryant and three others have been killed in a helicopter crash in California. That is terrible news!"
"1558","This Trump address is fucking insane."
"40995","I hope I donâ€™t sound ridiculous... but Shaquille O Neal can [redacted] this [redacted]."
"8078","ricky gervais spends every single day of his like thinking about people who are offended with his jokes, what a boring and exhausting way to spend time"
"40983","4 (no. of years since wings by bts) + 8 (no. of years since wings by little mix) = 12

7 (members of bts) - 4 (members of little mix) + 2 (no. of groups involved) = 5

12-5 = 7

âˆ´ bts x lm collab on 7"
"4671","Omg she really is promoting her daughterâ€™s OnlyFans Account ğŸ¤­"
"60010","Dwayne wade is a closet bisexual and thats why heâ€™s obsessed with his sonâ€™s sexuality"
"44377","Bad Boys For Life gonna be like Rush Hour 3. Washed actors doing it for the paycheck"
"35530","Only 1.7 BTC on my donation wallet for Xmas? You can do way better......"
"65922","~ I'm pretty, but I'm not beautiful. I sin, but I'm not the devil. I'm good, but I'm not an angel ~"
"9038","Added benefit of CrossFit. It helps you do things physically you didnâ€™t think you could do. So you become more fearless in other ways. Itâ€™s imroved my ridingâ€”mentally and physically."
"38263","A lot of people don't know this but when David Stern dies the Oklahoma City Thunder automatically return to Seattle."
"53282","For a guy who couldnâ€™t get approved for the Ambassador to the U.N. years ago, couldnâ€™t get approved for anything since, â€œbeggedâ€ me for a non Senate approved job, which I gave him despite many saying â€œDonâ€™t do it, sir,â€ takes the job, mistakenly says â€œLibyan Modelâ€ on T.V., and.."
"26390","It's gonna be wild when the Cowboys pay Dak Prescott $36M a year and keep going 8-8 every year"
"5874","Where is the Whistleblower, and why did he or she write such a fictitious and incorrect account of my phone call with the Ukrainian President? Why did the IG allow this to happen? Who is the so-called Informant (Schiff?) who was so inaccurate? A giant Scam!"
"43221","Wow! Crazy Bernie Sanders is surging in the polls, looking very good against his opponents in the Do Nothing Party. So what does this all mean? Stay tuned!"
"12349","The call to the Ukrainian President was PERFECT. Read the Transcript! There was NOTHING said that was in any way wrong. Republicans, donâ€™t be led into the fools trap of saying it was not perfect, but is not impeachable. No, it is much stronger than that. NOTHING WAS DONE WRONG!"
"45622","U post â€œfree my manâ€ so ppl can know u kno someone in jail. Glad u think dats cool"
"29040","All the noise on here was for Corbyn .. All the noise on here was for no Brexit .. All the noise on here was for Hillary Clinton .. Twitter once again has got it wrong .. #Justsaying #OnOn"
"13395","why are short guys so disrespectful?"
"19582","More homes of all types are built under @Conservatives

ğŸ¡ 250,000 homes were built last year - the highest number in 30 years
ğŸ¡More council houses were built last year ALONE than in the entire 13 years of the last Labour government!

#VoteConservative #PartyofHousing"
"41264","All is well! Missiles launched from Iran at two military bases located in Iraq. Assessment of casualties & damages taking place now. So far, so good! We have the most powerful and well equipped military anywhere in the world, by far! I will be making a statement tomorrow morning."
"51886","When the impeachment-sham inevitably joins comey-gate, collusion-delusion, mueller-investigation-nothing-burger, and fake-dossier in historyâ€™s trash heap, what hoax will the radical left, deep state, and left leaning media push next?"
"45578","Men be having the same friends since the sandbox because none of they ass mature or outgrow one another. Loyalty has little to do with it. Lol"
"27096","Ijusy wannnt cuddle aijeh sommeone hon loave mee ;~;"
"5910","Females make me not even wanna be on Twitter no more itâ€™s too early for a Debby downer ass bitch to just be bitter.."
"38976","Qassem Soleimani played an instrumental role in the defeat of one of the deadliest proxies which America has ever unleashed on the world: ISIS. That is why Washington assassinated him and that is why he is adored by millions of people in the Middle East. #QassemSoleimani"
"878","Being darkskin doesnâ€™t make you ugly but most darkskins are ugly"
"6635","The Never Trumper Republicans, though on respirators with not many left, are in certain ways worse and more dangerous for our Country than the Do Nothing Democrats. Watch out for them, they are human scum!"
"28912","Can someone remind me of the single biggest reason we didnâ€™t make the playoffs last year? Oh the pen. So instead of addressing that, the Mets trade for a 4th OF and sign Wacha. They are left with about 3 mil to spend. This is malpractice. What a joke. @MetsFansUnited1"
"23836","When Lisa Page, the lover of Peter Strzok, talks about being â€œcrushedâ€, and how innocent she is, ask her to read Peterâ€™s â€œInsurance Policyâ€ text, to her, just in case Hillary loses. Also, why were the lovers text messages scrubbed after he left Mueller. Where are they Lisa?"
"55209","How the fuck do the lakers lose Kobe tribute game... if my nigga was alive he would go out there and show youâ€™ll how itâ€™s done."
"63600","I started to realize the Cons weâ€™re behind these blockades last week when the Mohawks got involved. I think Trudeau knows that too. So him not inviting Scheer and the Cons to the table to discuss the mess they created sent a double message and was absolutely the right decision."
"9930","Beards are just camouflage for ugly guys"
"16325","Sounds like Kaepernick has morphed into Joe Montana the last three years, judging by the timeline here. He should be in the league as a backup at least -- but this is a bit much."
"19883","no one asked for my opinion but Iâ€™m giving it anyways...we as a nation brought these mass school shootings upon ourselves when we legalized abortion. we made it legal to murder unborn babies so God is saying â€œalright fine, if this is what you want then Iâ€™ll release my blanket of"
"38739","For all yâ€™all thatâ€™s already had sex this year. I hope yâ€™all catch something."
"59318","Don't let the fact that you're single and Valentine's Day coming up put you in a depressed mood . It's not your fault you're ugly, you have nothing to bring to the table and no one wants to be with you because you're so so so dull and boring"
"26493","Read the Transcripts! Also, see where I say â€œusâ€ (our Country) as opposed to â€œmeâ€ (meaning me) and where I then say that the Attorney General (of the United States) will call you. People still remember Schiffâ€™s made up and fraudulent version of my conversation. Witch Hunt!"
"34971","Immense yawning."
"26016","The Ukraine case isnâ€™t working for them, so rumor has it Democrats are pivoting back to Mueller.

Did they watch the same Mueller hearing that the rest of us did? It did NOTHING to help their impeachment case."
"23890","Every elected Republican knows that this President is guilty of countless Impeachable offenses. But they, along with many White Evangelicals & White Supremacists have made a pact with Putin. But unlike a pact with the Devil, this one can be unsigned."
"16617","Bribery is a disaster for Dems. They are trying to impeach @realDonaldTrump what Biden did. Biden offered a thing of value,loan guarantee,in return for official action,firing a prosecutor. Thatâ€™s bribery. Requesting  an investigation of crimes without conditions is innocent."
"51703","The Democrat controlled House never even asked John Bolton to testify. It is up to them, not up to the Senate!"
"64386","COMMIE DON & MOSCOW MITCH are sweeping the ROOOSHINS into the White House! Spread the word!!

COMMIE DON & MOSCOW MITCH are sweeping the ROOOSHINS into the White House! Spread the word!

Dr. Strangelove rides again!"
"28284","If the Yankees donâ€™t win the 2020 World Series, it will go down as the biggest choke job since the 2004 Yankees."
"63020","The Crooked DNC is working overtime to take the Democrat Nomination away from Bernie, AGAIN! Watch what happens to the Super Delegates in Round Two. A Rigged Convention!"
"15812","So they now convict Roger Stone of lying and want to jail him for many years to come. Well, what about Crooked Hillary, Comey, Strzok, Page, McCabe, Brennan, Clapper, Shifty Schiff, Ohr & Nellie, Steele & all of the others, including even Mueller himself? Didnâ€™t they lie?...."
"50166","Hour 23 of redundant impeachment arguments. For those following at home:  Drinking gameâ€”every time House Dems say â€œdrug dealâ€ or â€œget over itâ€...drink a shot of milk!"
"4655","SHAWN MENDES ONLY GOT SIGNED BECAUSE HE HAS BIG MUSCLES AND THATS A FACT! HE HAS ZERO STAGE PRESENCE, ZERO MUSICAL GROWTH AND ZERO CREATIVITY"
"34411","You niggas have NO drip and it is very sad!"
"58660","Because of how badly they did with the Impeachment Hoax, AOC will primary Cryinâ€™ Chuck Schumer, and win, and Jerry Nadler has a good chance of losing to his far left primary opponent! It is all getting quite interesting. Pelosi will lose the House, AGAIN! My poll numbers great."
"7689","â€œIt has been 3 years and Donald Trump hasnâ€™t done anything wrong. Donald Trump hasnâ€™t done a single thing of which he has been accused.â€ @RushLimbaughEIB  @seanhannity  A Witch Hunt like no other!"
"65335","Are any Democrat operatives, the DNC, or Crooked Hillary Clinton, blaming Russia, Russia, Russia for the Bernie Sanders win in Nevada. If so I suggest calling Bob Mueller & the 13 Angry Democrats to do a new Mueller Report, Democrat Edition. Bob will get to the bottom of it!"
